-- phpMyAdmin SQL Dump
-- version 4.9.7
-- https://www.phpmyadmin.net/
--
-- Host: localhost:3306
-- Generation Time: Jul 11, 2023 at 12:54 PM
-- Server version: 10.2.43-MariaDB-cll-lve
-- PHP Version: 7.4.29

SET SQL_MODE = "NO_AUTO_VALUE_ON_ZERO";
SET AUTOCOMMIT = 0;
START TRANSACTION;
SET time_zone = "+00:00";


/*!40101 SET @OLD_CHARACTER_SET_CLIENT=@@CHARACTER_SET_CLIENT */;
/*!40101 SET @OLD_CHARACTER_SET_RESULTS=@@CHARACTER_SET_RESULTS */;
/*!40101 SET @OLD_COLLATION_CONNECTION=@@COLLATION_CONNECTION */;
/*!40101 SET NAMES utf8mb4 */;

--
-- Database: `melihkar1_ROSNET`
--

-- --------------------------------------------------------

--
-- Table structure for table `comments`
--

CREATE TABLE `comments` (
  `cmt_ros_id` int(5) NOT NULL,
  `cmt_id` int(5) NOT NULL,
  `cmt_content` blob NOT NULL,
  `cmt_author` text CHARACTER SET utf8 NOT NULL
) ENGINE=MyISAM DEFAULT CHARSET=latin1;

--
-- Dumping data for table `comments`
--

INSERT INTO `comments` (`cmt_ros_id`, `cmt_id`, `cmt_content`, `cmt_author`) VALUES
(343, 7, 0x4b696d627573696b, 'hasanbal'),
(349, 6, 0x7072656e736573737373, 'admin'),
(350, 11, 0x657976616c6c61682061736c616e, 'admin'),
(348, 33, 0x64656e656d65, 'admin'),
(343, 17, 0x6b6172696d627573696b, 'admin'),
(342, 18, 0x73656e696e206d61737261666c617269206b696d206b617273696c6963616b203f, 'admin'),
(348, 32, 0x64656e656d65, 'admin'),
(351, 21, 0x79616bc4b16e6461206869c3a720657664656e20c3a7c4b16b6d616e20676572656b6d65796563656b206b616e6b61207261686174206f6c, 'admin'),
(351, 22, 0x696ec59f206b616e6b616d6d6d6d, 'frknert'),
(348, 31, 0x64656e656d65, 'admin'),
(329, 34, 0x626f6d626fc59f206d656d6c656b6574206171, 'admin'),
(353, 35, 0x68616c6c657474696d2073696d646920c3b66cc3bc6dc3bc6e652073616c6c6164c4b16d206d616b696e6179c4b1, 'admin'),
(353, 36, 0x54656272696b2065646572696d20, 'hasanbal'),
(356, 37, 0x486173616e2061c49fc4b1726cc4b16b2064697965206d656c696869206b616c64c4b172c4b1796f206f6c6162696c6972206d69, 'mpasli'),
(353, 38, 0x416669796574206f6c73756e, 'mpasli'),
(344, 39, 0x5a6174656e20c3a7c4b16bc4b1796f7a, 'mpasli'),
(356, 40, 0x686179c4b172206b6172646573696d206f6c616d617a20c3b6796c6520c59f6579, 'admin'),
(360, 41, 0x62756e67656c61206d616c696b, 'ebubekir'),
(364, 42, 0x4d656c6968696e2064616e73c4b120c3a76f6b20616c616b6173c4b17a20617120736e64687368, 'mpasli'),
(367, 43, 0x42757261206e657265, 'mpasli'),
(367, 44, 0x6265796b6f7a20c3a77562756b6c752066657269626f7475, 'admin'),
(366, 45, 0x4869c3a7206c696b6520796f6b2061c49f6c612061646d696e, 'mpasli'),
(364, 46, 0xc4b06b69206661726b6cc4b12069736d696d6c65206265c49f656e64696d2064c3bcc59fc3bc6ec3bc6e206e65206b61646172206b616c6974656c6920666f746f, 'mpasli'),
(1222, 47, 0x42656e20676f72656d69796f72756d203a2920, 'emin'),
(1222, 48, 0x5365726920c3bc7a67c3bc6e20, 'mpasli'),
(353, 49, 0x54656b6d652061746163616b73696e2c206f6c6d616469206576646520656c20626f6d626173692076617220766572656d2073616e61206f6e75206174203a2929, 'emin'),
(1223, 50, 0x416e64c4b1206e65206c616e, 'mpasli'),
(1223, 51, 0xc59f6579206d6920646f7374756d2079696e652079616e67c4b16e6c61722079696e652062656e, 'admin'),
(364, 52, 0x766964656f2a, 'admin'),
(1226, 53, 0x617972c4b163612073697a20646520626972696c6572696e69206461766574206564696e207369746579652c206ec3bc6675732061727473c4b16e2e, 'admin'),
(1227, 54, 0x757a6d616e206b757274, 'admin'),
(1227, 55, 0x486572207a616d616e2068617ac4b172207665206e617ac4b17220, 'hasanbal'),
(1225, 56, 0x466f746f6e756e20796172c4b173c4b12076617220796172c4b173c4b120796f6b, 'mpasli'),
(1228, 57, 0x73656e206769742074656c65666f6e61206f206b61646172207061726120766572206170706c6520616c20726f736e657474656b6920666f746f6c6172c4b12067c3b672656d652c2079617ac4b16b2e2e2e, 'admin'),
(1228, 58, 0x64c3bc7a656c6469, 'frknert'),
(1228, 59, 0x79756b617264616b692075726c206bc4b1736dc4b16ec4b1206b6f7079616c6179c4b1702062757261796120626920617473616e612062616b6179c4b16d, 'admin'),
(1228, 60, 0x6f6b, 'admin'),
(1228, 61, 0x726f73752073696c206f207a616d616e, 'admin'),
(1225, 62, 0x44c3bc7a656c6469, 'mpasli'),
(1235, 64, 0x6e6f6c6475206b75c59f756d206e69796520c3bc7a67c3bc6e73c3bc6e, 'admin'),
(1236, 65, 0x4f746f6d6174696b2076697465736c69206172616261206b756c6c616e616e2067697473696e206f79756e63616b2061726162612073c3bc7273c3bc6e, 'mpasli'),
(1236, 66, 0x6b6172646573696d20796f72756d756e7520626567656e6d656b20697374657264696d20616d61206d61616c65736566206f20c3b67a656c6c69c49f692068656ec3bc7a2079617a6d6164c4b16d, 'admin'),
(1234, 67, 0x456275206d75687465c59f656d2073c3b6796c656d69c59f73696e2074656272696b2065646572696d2040626f6b6164616d656275636568696c, 'hasanbal'),
(1236, 68, 0x416e6c6164c4b16d2062656e2073656e69207261686174206f6c, 'mpasli'),
(1239, 69, 0x54616d616d656e2079616c616e20627520726f732031352054656d6d757a64612074616e6b6c6172c4b12064757264757264752073656e696e2062692079616c616e20726f73756e75206d7520647572647572616d61796163616b, 'hasanbal'),
(1239, 70, 0x68616b6cc4b173c4b16e2040686173616e62616c206b61726465732062756e6c61722068657020696c6cc3bc7a796f6e206f6c6d6164c4b1c49fc4b16dc4b17a206d61736120796f6b2e, 'admin'),
(1239, 71, 0x4162696e2067656c73696e2073656e692070697374656e20616c616cc4b16d206b6f79756e20686173616e, 'mpasli'),
(1239, 72, 0x4f6c756d2062656e2043454e47c4b05a20c4b04ec59e414154494e205441204b454e44c4b053c4b059c4b04d206d696c6c6574696e206dc4b16e61206b6f79616361c49fc4b17a, 'hasanbal'),
(1239, 73, 0x73656e206e6173696c2062656e696d2035252068697373656c692079617264696d63696d6120636f696e2064657273696e2068616473697a, 'admin'),
(1239, 74, 0x41646d696e20656c696d64652062656c67656c6572696d207661722073656e69206966c59f616cc4b163616d, 'mpasli'),
(1239, 75, 0x4465c49f6572692064c3bcc59fc3bc796f20616d6120c3b6796c652064c3bcc59fc3bc6e, 'mpasli'),
(1240, 76, 0x41797920656d6f6a69206f6c6d75796f2061646d696e20c3a7c3b67a2062752069c59f69203a28, 'nilda'),
(1240, 77, 0x61612073656e20697374657273696e20646520c3a7c3b67a6d657a206d6979696d206179c4b17073c4b16e, 'admin'),
(1241, 78, 0x65736b696d69796f72, 'admin'),
(1234, 79, 0x59c4b16c20323032312068616c612064696e6c69796f72756d, 'mpasli'),
(1241, 80, 0x456275207474206f6c6d75c59f, 'mpasli'),
(1240, 81, 0x68656c6c6cc3b6c3b6203c3320, 'm.zeynep'),
(1241, 82, 0x616e73666173666173666166616461, 'ebubekir'),
(1243, 100, 0x20776d616c71c3b6c59f77c59f73c59f77c3b6646c77c3b664c59f77c59f64c59f61c59f73c59f73697320776d616c71c3b6c59f77c59f73c59f77c3b6646c77c3b664c59f77c59f64c59f61c59f73c59f736973776d616c71c3b6c59f77c59f73c59f77c3b6646c77c3b664c59f77c59f64c59f61c59f73c59f73697320776d616c71c3b6c59f77c59f73c59f77c3b6646c77c3b664c59f77c59f64c59f61c59f73c59f73697320776d616c71c3b6c59f77c59f73c59f77c3b6646c77c3b664c59f77c59f64c59f61c59f73c59f736973776d616c71c3b6c59f77c59f73c59f77c3b6646c77c3b664c59f77c59f64c59f61c59f73c59f73697320776d616c71c3b6c59f77c59f73c59f77c3b6646c77c3b664c59f77c59f64c59f61c59f73c59f73697320776d616c71c3b6c59f77c59f73c59f77c3b6646c77c3b664c59f77c59f64c59f61c59f73c59f736973776d616c71c3b6c59f77c59f73c59f77c3b6646c77c3b664c59f77c59f64c59f61c59f73c59f73697320776d616c71c3b6c59f77c59f73c59f77c3b6646c77c3b664c59f77c59f64c59f61c59f73c59f73697320776d616c71c3b6c59f77c59f73c59f77c3b6646c77c3b664c59f77c59f64c59f61c59f73c59f736973776d616c71c3b6c59f77c59f73c59f77c3b6646c77c3b664c59f77c59f64c59f61c59f73c59f73697320776d616c71c3b6c59f77c59f73c59f77c3b6646c77c3b664c59f77c59f64c59f61c59f73c59f73697320776d616c71c3b6c59f77c59f73c59f77c3b6646c77c3b664c59f77c59f64c59f61c59f73c59f736973776d616c71c3b6c59f77c59f73c59f77c3b6646c77c3b664c59f77c59f64c59f61c59f73c59f73697320776d616c71c3b6c59f77c59f73c59f77c3b6646c77c3b664c59f77c59f64c59f61c59f73c59f73697320776d616c71c3b6c59f77c59f73c59f77c3b6646c77c3b664c59f77c59f64c59f61c59f73c59f736973776d616c71c3b6c59f77c59f73c59f77c3b6646c77c3b664c59f77c59f64c59f61c59f73c59f73697320776d616c71c3b6c59f77c59f73c59f77c3b6646c77c3b664c59f77c59f64c59f61c59f73c59f73697320, 'admin'),
(1241, 84, 0x646fc49f72752064656d69c59f206b616e6b61203a28, 'ebubekir'),
(1240, 101, 0x656d6f6a692069c59f692074616d616d20f09f989bf09f989b, 'admin'),
(1245, 102, 0xf09f918d, 'mpasli'),
(1234, 103, 0x68656e656a73c3b6736c73c3b6776cc3b6646b7320676572697a656b616c6c6cc4b1, 'frknert'),
(1245, 104, 0xf09f9185, 'frknert'),
(1245, 105, 0xe29da4efb88f, 'nilda'),
(1246, 106, 0x536f6e72612064612062696c67696c6572696e697a692070617261206b6172c59fc4b16cc4b1c49fc4b120736174c4b163616d20, 'mpasli'),
(1246, 107, 0x796172c4b120796172c4b17961203f, 'admin'),
(1246, 108, 0x53c3b67a6c65c59f6d657969206f6e61796c6164c4b16ec4b17a, 'orkuntelli'),
(1251, 109, 0x74657374, 'admin'),
(1246, 110, 0x33206661726b6cc4b1206164c4b16d2076617220706c6174666f726d64612061712073656e696e2061646d696e2067696269, 'mpasli'),
(1246, 111, 0x62656e63652073656e646520c3a76f6b6c75206b69c59f696c696b20626f7a756b6c75c49f7520766172, 'admin'),
(1252, 112, 0x6d6973206769626920686176612069737465206f6c756d, 'admin'),
(1253, 113, 0x42696c65746c6572206d61686d75746275636b7320746120, 'mpasli'),
(1253, 114, 0x6b6f6e73657220697074616c20627567756e2066696c6d20676563657369796d697320756e757474756d2062696c657420706172616c6172692069616465206564696c6563656b746972, 'admin'),
(1262, 115, 0x7465726269796573697a, 'frknert'),
(1263, 116, 0x62696d206c65206472206461206769746d69c59f20746f706c616e74c4b1796120626f796b6f7462696d626f796b6f746472, 'frknert'),
(1263, 117, 0x616861686861686120616d6b20312073616174746972206e65206469796f7220627520616d6b2073616c61c49fc4b1206469796f72756d2079656e69206661726b657474696d, 'admin'),
(1254, 118, 0x446f6e6475727563756e206b617061c49fc4b16ec4b12061c3a7c4b16b20756e75746d75c59f2079696e6520, 'orkuntelli'),
(1263, 119, 0x616d6b2073616c61c49fc4b12073656e206f6c75796f6e2069c59f746520616e6c616d6164c4b1c49fc4b16e2069c3a7696e20617074616c20646b736d616c73c3b673, 'frknert'),
(1268, 120, 0x697374616e62756c203a20c59f616e73c4b16ec4b12064656e6520646520616c6179c4b16d20616b6cc4b16ec4b1, 'frknert'),
(1294, 121, 0x657976616c6c61682072656973737373, 'admin'),
(1294, 122, 0x3a2a, 'kadir'),
(1298, 123, 0x796f72756d, 'admin'),
(1305, 124, 0x617364, 'admin'),
(1307, 125, 0x46656e6161206c612067616c64617320756666, 'ebubekir'),
(1307, 126, 0x4b61796e6172207375206769626979696d2068656d20616b6172c4b16d2068656d2079616b6172c4b16d, 'engin'),
(1306, 127, 0x53616e612067c3bc7a656c6c696b207961706d617a206dc4b179c4b16d20676572697a656b6161, 'ebubekir'),
(1312, 128, 0x416d6b2073696c2073756e75, 'ebubekir'),
(1312, 129, 0x646f207265206d6920666120736f6c206c612053c4b04c, 'admin'),
(1315, 130, 0x68747470733a2f2f7777772e796f75747562652e636f6d2f77617463683f763d4937576838482d43517134, 'frknert'),
(1315, 131, 0x6164616d73c4b16e, 'admin'),
(1320, 132, 0x3530206d696c796f6e206b6973696e696e206b696d6c696b2062696c676973692076617220, 'admin'),
(1320, 133, 0x62656e6465, 'admin'),
(1320, 134, 0x62757261206d69, 'aysthemal'),
(1320, 135, 0x6b6f726b757475796f736e2062656e69, 'aysthemal'),
(1320, 136, 0x6861687368716873687768616861, 'admin'),
(1320, 137, 0x6b696d6c696769206e6170696d206b72656469206b6172742062756c2075737461, 'aysthemal'),
(1320, 138, 0x7661727361206269726920736f7267756c61796179696d2073656e696e206963696e, 'admin'),
(1320, 139, 0x6b72656469206b617274696e61206769726d656d2079612073616bc4b16e63616cc4b1, 'admin'),
(1326, 140, 0x414f6b75524a794974, 'admin'),
(1330, 141, 0x79616c613a20696674697261, 'aysthemal'),
(1334, 143, 0x72657a696c206865726966, 'admin'),
(1338, 144, 0x77726572, 'admin'),
(1342, 145, 0x71717171, 'admin'),
(1350, 146, 0x736466617366, 'admin'),
(1351, 147, 0x68657974747474, 'admin'),
(1316, 148, 0x74656b6e6f6d656c6968, 'arda'),
(1351, 149, 0x6d75746c75206f6c6d6179c4b16e206d6b204141414141414141414141414141414141414141414141414141414141414141414141414141414141414141414141414141414141414141414141414141414141614141414141414141414141414141414141414141414141414141414141414141414141414141414141414141414141414141414141414141414141414141414141414141414141414141414141414141414141414141414141414141414141414141414141414141414141414141414141414141414141414141414141414141414141414141414141414141414141414141414141414141414141414141414141414141414141414141414141414141414141414141414141414141414141414141414141414141414141414141414141414141414141414141414141414141414141414141414141414141414141414141414141414141414141414141414141414141414141414141414141414141414141414141414141414141414141414141414141414141414141414141414141414141414141414141414141414141414141414141414141414141414141414141414141414141414141414141414141414141414141414141414141414141414141414141414141414141414141414141414141414141414141414141414141414141414141414141414141414141414141414141414141414141414141414141414141414141414141414141414141414141414141414141414141414141414141414141414141414141414141414141414141414141414141414141414141414141414141414141414141414141414141414141414141414141414141414141414141414141414141414141414141414141414141414141414141414141414141414141414141414141414141414141414141414141414141414141414141414141414141414141414141414141414141414141414141414141414141414141414141414141414141414141414141414141414141414141414141414141414141414141414141414141414141414141414141414141, 'cerrah'),
(1321, 150, 0x41414141414141c49f6c616d4141414141414141, 'AAAAA');

-- --------------------------------------------------------

--
-- Table structure for table `hashtags`
--

CREATE TABLE `hashtags` (
  `hashtag_id` int(3) NOT NULL,
  `hashtag_content` text NOT NULL,
  `hashtag_count` int(4) DEFAULT NULL
) ENGINE=InnoDB DEFAULT CHARSET=utf8mb4;

-- --------------------------------------------------------

--
-- Table structure for table `ros`
--

CREATE TABLE `ros` (
  `ros_id` int(15) NOT NULL,
  `ros_content` blob NOT NULL,
  `ros_file` tinytext DEFAULT NULL,
  `ros_owner` varchar(10) NOT NULL,
  `ros_date` varchar(10) DEFAULT NULL,
  `ros_time` text DEFAULT NULL,
  `ros_like` int(3) DEFAULT 0,
  `ros_liked_username` varchar(500) DEFAULT NULL
) ENGINE=InnoDB DEFAULT CHARSET=utf8mb4;

--
-- Dumping data for table `ros`
--

INSERT INTO `ros` (`ros_id`, `ros_content`, `ros_file`, `ros_owner`, `ros_date`, `ros_time`, `ros_like`, `ros_liked_username`) VALUES
(166, 0x4d6572686162612c2079756b6172c4b164616b6920282b29206275746f6e756e64616e2076657961207361c49f64616b6920526f73276c61206d656ec3bc73c3bc6e64656e20526f7320656b6c65796562696c697273696e2e20456b6c656469c49f696e20526f736c61722062c3b6796c652067c3b67ac3bc6bc3bc722e, 'NULL', 'admin', '18.02.2021', '21.41', 3, 'ozgurucar,admin,ebubekir,'),
(171, 0x526f73737373, 'NULL', 'ozgurucar', '19.02.2021', '19.50', 4, 'ozgur,admin,ozgurucar,ebubekir,'),
(172, 0x427520c3a7c3b66c64652073656e64656e206261c59f6b612067c3bc6c2061c3a76d617a2e2e, 'NULL', 'orkuntelli', '19.02.2021', '19.56', 4, 'admin,hasanbalyedi,ozgurucar,ebubekir,'),
(174, 0x64656e656d65, 'ozgur-174.jpg', 'ozgurucar', '19.02.2021', '20.02', 4, 'ozgur,admin,ebubekir,ozgurucar,'),
(179, 0x4a617661536372697074204d617468204bc3bc74c3bc7068616e657369203b, 'admin-179.png', 'admin', '19.02.2021', '21.09', 3, 'ozgur,admin,ebubekir,'),
(187, 0x73656c616d, 'admin-187.png', 'admin', '21.02.2021', '16.08', 3, 'ozgur,admin,ebubekir,'),
(194, 0x42697220677275702061726b616461c59fc4b16e206269722061726179612067656c6d657369796c65206f6c75c59f6d75c59f7475722e0d0a, 'NULL', 'furkankara', '23.02.2021', '19.41', 3, 'admin,ozgur,ebubekir,'),
(205, 0x6576657420736179c4b16e2073657667696c69206b756c6c616ec4b163c4b16c6172c4b16d2c2070726f66696c20666f746fc49f726166c4b120656b6c656d65206f6c6179c4b12074616d616d6c616e6dc4b1c59f2c207665206d6f62696c206f7074696d697a6173796f6e206979696c65c59f746972696c6d69c59f7469722e206865726b6573652069796920676563656c65722064696c6572696d2e2e2e20, 'NULL', 'admin', '26.02.2021', '0.54', 5, 'ozgur,admin,orkuntelli,ozgurucar,ebubekir,'),
(228, 0x736974656d697a20696e7465726e6574652061c3a7c4b16c6dc4b1c59f74c4b1722c20686179c4b1726cc4b1206f6c73756e2e2e, 'NULL', 'admin', '08.03.2021', '21.28', 3, 'furkankara,admin,ebubekir,'),
(229, 0x4d656c6968696e206b6f636173c4b12067656c6469696969, 'NULL', 'hasanbal', '09.03.2021', '11.39', 2, 'admin,ebubekir,'),
(231, 0x736974656e696e206dc3bc7a696b20656b6c656d65206bc4b1736dc4b120796f6b206d752062697220c59f61726bc4b1207061796c61c59f6d616b20697374657264696d2073697a696e6c652e2e2e, 'NULL', 'ebubekir', '09.03.2021', '12.02', 3, 'admin,ozgurucar,ebubekir,'),
(232, 0x68747470733a2f2f7777772e796f75747562652e636f6d2f77617463683f763d33635938626d5a33485a59, 'NULL', 'ebubekir', '09.03.2021', '12.02', 3, 'admin,ozgurucar,ebubekir,'),
(233, 0x53656c6168617474696e20c3b67a64656d6972206b61646572207a696e636972693f20, 'NULL', 'hasanbal', '09.03.2021', '12.03', 1, 'ebubekir,'),
(234, 0x416d6b20456275206c696e6b652074c4b16b6c6d6164616e2062696c64696d20626565656565, 'NULL', 'hasanbal', '09.03.2021', '12.03', 2, 'admin,ebubekir,'),
(235, 0xc3a7c4b16b6dc4b1c59fc4b16d20c3a761726573697a206d65c3a768756c20736566657265, 'NULL', 'ebubekir', '09.03.2021', '12.03', 3, 'admin,ozgurucar,ebubekir,'),
(237, 0x6265c49f656e656e6c657269206e65726564656e2067c3b6726562696c69796f72757a20736170c4b1c49fc4b16dc4b120c3b6c49f72656e6d656b206973746572696d20, 'NULL', 'ebubekir', '09.03.2021', '12.38', 3, 'admin,ozgurucar,ebubekir,'),
(238, 0x7361646563652062656e2067c3b6726562696c69796f72756d206b61726465c59f696d20626567656e696c657269, 'NULL', 'admin', '09.03.2021', '12.56', 2, 'ebubekir,admin,'),
(240, 0x73656e206b696d73696e2064652074656b2073656e2067c3b6726562696c69796f7273756e2062696c6164657220686179c4b17264c4b1723f, 'NULL', 'ebubekir', '09.03.2021', '13.21', 2, 'ozgurucar,ebubekir,'),
(241, 0x62616e, 'NULL', 'admin', '09.03.2021', '13.29', 2, 'ozgurucar,ebubekir,'),
(242, 0x6265796c65722073c4b16bc4b16c64c4b16d2061712064c4b1c59f6172c4b12067656c656e20766172206dc4b10d0a, 'NULL', 'ebubekir', '09.03.2021', '15.06', 2, 'ozgurucar,ebubekir,'),
(243, 0x4865736162c4b16d2067c3b67420456275207461726166c4b16e64616e20656c65206765c3a76972696c6d69c59f74697220, 'NULL', 'hasanbal', '09.03.2021', '19.08', 1, 'ebubekir,'),
(244, 0x486173616e696e206865736162c4b16ec4b120656c65206765c3a769726469c49f696d2074616d616d656e2069667469726164697220, 'NULL', 'ebubekir', '09.03.2021', '19.12', 2, 'hasanbal,ebubekir,'),
(246, 0xc4b0c59f20796572696e2063696b74696b206865726b6573692062656b6c69796f72757a20, 'ebubekir-246.jpg', 'ebubekir', '09.03.2021', '19.22', 2, 'admin,ebubekir,'),
(249, 0x53756c616e616e6c617220646d2068656ec3bc7a20796f6b20616d61206f6c73756e20, 'hasanbal-247.mp4', 'hasanbal', '09.03.2021', '19.28', 2, 'karaketir,ebubekir,'),
(251, 0x41646d696e652067656c73696e, 'ebubekir-251.jpg', 'ebubekir', '09.03.2021', '19.31', 2, 'karaketir,ebubekir,'),
(253, 0x4d69616d692079657373696e, 'NULL', 'ebubekir', '09.03.2021', '20.57', 1, 'ebubekir,'),
(255, 0x4d656c69682062656e696d2e2e2e2e2e2e20596573696e, 'NULL', 'ebubekir', '09.03.2021', '20.58', 1, 'ebubekir,'),
(256, 0x617074616c206562752073656e696e2063616ec4b16e2062616e20c3a7656b6d69c59f2068657268616c6465, 'NULL', 'admin', '09.03.2021', '21.00', 1, 'ebubekir,'),
(257, 0x456b6962696d697a652079656e692061726b616461c59f6c6172206172c4b1796f72757a20696c67696c656e656e6c657220756c61c59f73c4b16e20, 'NULL', 'ebubekir', '09.03.2021', '21.29', 1, 'ebubekir,'),
(260, 0xc4b07374656469c49f696d697a207965746b696e6c696b6c65723a2048c4b17a6cc4b1206b6fc59f6d6173c4b12c2064c3bc7a206b6f6e74616b286f6c6d616b207a6f72756e6461206465c49f696c20616d61206f6c7572736120c3a76f6b206d656d6e756e206f6c7572757a29, 'NULL', 'ebubekir', '09.03.2021', '21.31', 1, 'ebubekir,'),
(261, 0x6dc3bc68656e6469736c696b2069c59f20696c616e6c6172c4b1206769626920616d6b, 'NULL', 'admin', '09.03.2021', '21.31', 1, 'ebubekir,'),
(262, 0x686173616e, 'admin-262.jpg', 'admin', '09.03.2021', '21.34', 1, 'ebubekir,'),
(263, 0x5369676f72746120796f6b20796f6c206f746f73746f70286e6f743ac3b664c3bc6ec3a720616c64c4b1c49fc4b16ec4b17a20617261c3a76c6172c4b1206461206b756c6c616e6162696c697273696e697a292079656d656b206b6f6e7573756e6461206973652065c49f657220796f6c64616e206765c3a7656e20626972696e6520c3a7616cc4b1c59f74c4b1c49fc4b16ec4b17a20796572692073c3b6796c65796572656b207969796562696c697273696e697a20c3b6726e65c49f696e203a416c6c61682072c4b17a6173c4b12069c3a7696e2079656d656b206162692e2044657273656e697a2079617264c4b16d63c4b1206f6c6163616b6c617264c4b17220, 'NULL', 'ebubekir', '09.03.2021', '21.34', 2, 'admin,ebubekir,'),
(264, 0x626fc59f207961706d6120656275, 'admin-264.jpg', 'admin', '09.03.2021', '21.35', 2, 'ebubekir,admin,'),
(265, 0x41c59f61c49fc4b164612061646d696e696d697a2067656ec3a72054c3bc726b2067697269c59f696d636920c59f69726b6574696d697a696e206b7572756375206f727461c49fc4b12045627562656b697220696e20666f746fc49f726166c4b16ec4b1207061796c61c59f6dc4b1c59f2072656b6c616d2069c3a7696e207465c59f656b6bc3bc726c6572204d656c696820, 'NULL', 'ebubekir', '09.03.2021', '21.38', 2, 'ebubekir,admin,'),
(267, 0xc4b073652067697477656b, 'ebubekir-267.jpg', 'ebubekir', '10.03.2021', '11.28', 2, 'ebubekir,admin,'),
(268, 0x526f736e65742053756c74616e6265796c6920, 'hasanbal-268.jpg', 'hasanbal', '10.03.2021', '15.18', 2, 'admin,ebubekir,'),
(269, 0x4765627a6564656e2073656c616d6c61722067c3b66ec3bc6c20646f73746c6172c4b1, 'orkuntelli-269.jpg', 'orkuntelli', '10.03.2021', '16.49', 2, 'admin,ebubekir,'),
(270, 0x7661792062616bc4b1796f72756d20616b746966697a2c2068656c616c2073697a6520726f736d616e6c6172, 'NULL', 'admin', '10.03.2021', '17.09', 4, 'admin,ebubekir,yuceasin,furkanertural,'),
(273, 0x6b616666616c74c4b12071657966, 'admin-272.jpg', 'admin', '11.03.2021', '7.22', 2, 'ebubekir,yuceasin,'),
(274, 0x4765627a65206f746f67617264616e2073656c616d756e20616c65796bc3bc6d20, 'ebubekir-274.jpg', 'ebubekir', '11.03.2021', '8.40', 3, 'admin,ebubekir,yuceasin,'),
(275, 0x67656c696e206f6c6d75732067696469796f6e, 'admin-275.jpg', 'admin', '11.03.2021', '10.06', 3, 'ebubekir,tahakdogan,yuceasin,'),
(276, 0x54c3bc726b206966c59f612073697465736920646564696c65722067656c64696b20, 'NULL', 'tahakdogan', '11.03.2021', '11.07', 2, 'admin,ebubekir,'),
(277, 0x73656c616dc3bc6e20616c65796b6b206167616c6172, 'NULL', 'yuceasin', '11.03.2021', '11.11', 2, 'admin,ebubekir,'),
(278, 0x686f7367656c64696e697a2067656e636c6572, 'NULL', 'admin', '11.03.2021', '11.13', 1, 'ebubekir,'),
(279, 0x736561, 'NULL', 'frknert', '11.03.2021', '11.30', 2, 'tahakdogan,ebubekir,'),
(280, 0x4e65207a616d616e206170702073746f7265206461206f6c75722073697465, 'NULL', 'tahakdogan', '11.03.2021', '11.38', 2, 'admin,ebubekir,'),
(281, 0x68616674617961206261c59f6cc4b1796f72756d20c3a7616cc4b1c59f6d616c61726120686f63616d2c2073617967c4b16c6172, 'NULL', 'admin', '11.03.2021', '11.39', 2, 'tahakdogan,ebubekir,'),
(282, 0xc4b0c3a76572697369206b616c6162616cc4b16b6c61c59f74c4b12067c3bc7a656c206f6c6475206c6120, 'NULL', 'hasanbal', '11.03.2021', '12.07', 2, 'admin,ebubekir,'),
(283, 0x4b6172c4b16d20686173616e20776562e28099652064c3bcc59f6dc3bcc59f, 'NULL', 'bahasvnc', '11.03.2021', '12.08', 2, 'ebubekir,admin,'),
(284, 0x4f6c6d2067697a6c6920c3b67267c3bc74206d6573616a6c61c59f6d6120736974657369206769626920646d646b646b646b6b, 'NULL', 'bahasvnc', '11.03.2021', '12.11', 3, 'ebubekir,admin,ozgurucar,'),
(285, 0x53656e696e206b617270757a2067c3b674c3bc6ec3bc6e20666f746f73756e75207061796c61c59f74c4b1c49fc4b16d2069c3a7696e2062616e612072c3bc7462652076657264696c657220627572646120, 'NULL', 'hasanbal', '11.03.2021', '12.12', 1, 'ebubekir,'),
(286, 0x4d79206c6f7665206b6172c4b163c4b16d2062656e696d20, 'NULL', 'tahakdogan', '11.03.2021', '12.14', 2, 'bahasvnc,ebubekir,'),
(287, 0x4b6172c4b163c4b1c49fc4b16d2073696e69726c656e6469203f3f3f3f, 'NULL', 'bahasvnc', '11.03.2021', '12.14', 2, 'ebubekir,admin,'),
(288, 0x596120c59f75206d75686162626574692068657220796572646520796170c4b1796f7273756e757a2067c3b674c3bc6ec3bc7ac3bc20796172c4b163616d2061c49f6c61796163616b73c4b16ec4b17a, 'NULL', 'hasanbal', '11.03.2021', '12.23', 4, 'ebubekir,bahasvnc,tahakdogan,admin,'),
(289, 0x6265796c65722073697465646520312061646574206bc4b17a20766172206f6e612067c3b67265206d756861626265746c657220706c73, 'NULL', 'admin', '11.03.2021', '12.34', 0, NULL),
(291, 0x62616861206b6f7975636167c4b16e20666f746f6e756e20616d6b207465636176c3bc7a63c3bc20666f746f73752067696269, 'NULL', 'admin', '11.03.2021', '12.35', 3, 'bahasvnc,tahakdogan,ebubekir,'),
(292, 0x62752061726164612062757264616b6920616e6120656b72616e6120656b6c652671756f743b7965206261736172616b20736974657969206170702671756f743b6d69c59f206769626920616e6120656b72616e6120656b6c65796562696c697273696e697a, 'admin-292.jpg', 'admin', '11.03.2021', '13.34', 2, 'tahakdogan,ebubekir,'),
(293, 0x426f6c75206f6e6c696e65, 'ebubekir-293.jpg', 'ebubekir', '11.03.2021', '14.04', 4, 'admin,ebubekir,tahakdogan,mzekipasli,'),
(294, 0x53656c616dc4b16e20616c65796bc3bc6d, 'NULL', 'muratcgl', '11.03.2021', '16.45', 1, 'ebubekir,'),
(295, 0x416c65796b756d2073656c616d20, 'NULL', 'ebubekir', '11.03.2021', '17.10', 1, 'ebubekir,'),
(297, 0x332b323d3520c3a7616cc4b1c59fc4b1796f72756d, 'tahakdogan-296.jpg', 'tahakdogan', '11.03.2021', '17.16', 2, 'admin,ebubekir,'),
(298, 0x427573746564, 'orkuntelli-298.jpg', 'orkuntelli', '11.03.2021', '20.36', 302, 'hasanbal,orkuntelli,tahakdogan,eminç.,ebubekir,admin,'),
(299, 0x426162616d206f666973692062617374c4b120616d6b, 'NULL', 'hasanbal', '11.03.2021', '20.37', 1, 'ebubekir,'),
(300, 0x61c59f61c49fc4b164616b6920666f746f67726166612072656b6f72206265c49f656e692069737469796f72756d, 'NULL', 'admin', '11.03.2021', '20.37', 1, 'ebubekir,'),
(303, 0x6e6173c4b16c20626562656b6c6572696d6d6d, 'admin-301.jpg', 'admin', '11.03.2021', '22.18', 3, 'bahasvnc,ebubekir,ozgurucar,'),
(305, 0x427520676563652061646d696e20652075796b7520796f6b2067656e636c6572203a292920, 'NULL', 'eminç.', '11.03.2021', '0.36', 3, 'hasanbal,admin,ebubekir,'),
(306, 0x656d696e206162692062656e31302064616b6920656d696e65206572646f67616e6c6120796174616b746179c4b17a2073696d64692062656e2062756e61207961736c6173616d206b6162696c65207065c59f696d652064c3bcc59f6572206d690d0a, 'NULL', 'admin', '11.03.2021', '1.28', 1, 'ebubekir,'),
(307, 0x486179c4b1726cc4b12063756d616c6172, 'NULL', 'muratcgl', '12.03.2021', '9.16', 3, 'tahakdogan,admin,ebubekir,'),
(308, 0x486179c4b1726cc4b12063756d616c617220726563657020746179796970206572646fc49f616ec4b120c3a76f6b2073657669796f72756d20627572616461206174c4b16c616e20726f73736c61726c6120616c616b616d20796f6b7475722e20527465e29da4efb88f, 'NULL', 'tahakdogan', '12.03.2021', '9.19', 5, 'admin,ebubekir,eminç.,hasanbal,muratcgl,'),
(312, 0x6f74656c206b6f6e616b6c616d6120c3bc63726574693a2020202020202020202020202020202020207374616e646172743d313030544c202f2073c3bc69743d313430544c, 'ebubekir-312.mp4', 'ebubekir', '12.03.2021', '10.22', 4, 'admin,ebubekir,tahakdogan,eminç.,'),
(313, 0x657665742061726b616461c59f6c61722072656b6c616d20616c6d617961206261736c6164c4b16b20696c6b2072656b6c616d20333734206f74656c, 'NULL', 'admin', '12.03.2021', '11.46', 2, 'ebubekir,eminç.,'),
(314, 0x4275726164616b692074756d20616e6172c59f69737420726f6f73206c6172696e20736f72756d6c756c7567756e6920757374756d6520616c69796f72756d2c2061646d696e636967696d20656d696e65206572646f67616e696e207961736c616e6963616b20626979657269206b616c6d616d69732073656e64656b69207365782076697a796f6e73757a6c7567756e75206b696d7365646520676f726d6564696d3a292920, 'NULL', 'eminç.', '12.03.2021', '13.53', 3, 'admin,eminç.,ebubekir,'),
(317, 0x656d696e2061626920746179796970206261c59f6b6f6d697365722064652073697465796520c3bc79652079616c6ec4b17a206179c4b170206f6c75796f722e206e657973652062656e2073656e696e2074656d697a20c3a7616d61c59fc4b1726c6172c4b12068617ac4b1726c61796179c4b16d, 'NULL', 'admin', '12.03.2021', '14.29', 2, 'eminç.,ebubekir,'),
(318, 0x427520676563652068c3bc6372656f666973696d697a65206b6573696e206261736b696e206f6c75723a292920, 'NULL', 'eminç.', '12.03.2021', '14.48', 2, 'admin,ebubekir,'),
(320, 0x43616e7061726b2062696c6469c49f696d697a206769626920636166652079617361c49fc4b16e61206b616c616e20736f6e2032207361617474652064656e656e6562696c69722e, 'orkuntelli-319.jpg', 'orkuntelli', '12.03.2021', '15.52', 3, 'admin,eminç.,ebubekir,'),
(321, 0x4d616e69746c65206e657265796520676964696c6562696c69722073696d6469, 'eminç.-321.jpg', 'eminç.', '12.03.2021', '16.20', 3, 'ebubekir,hasanbal,admin,'),
(322, 0x68747470733a2f2f6d2e796f75747562652e636f6d2f77617463683f763d69564334556169686167630d0a0d0a4f746f6761726461206f746f6275732062656b6c69796f7273616b2e2e2e20, 'NULL', 'ebubekir', '12.03.2021', '16.29', 1, 'ebubekir,'),
(323, 0x426f6c7520726f73766c6f677520646576616dc4b12067656c69796f722074656b6e696b206e6564656e6c657264656e20c3b674c3bc72c3bc20626972617a20616b736164c4b1206cc3bc7466656e206b75737572612062616b6d6179c4b16e20, 'NULL', 'ebubekir', '12.03.2021', '16.29', 1, 'ebubekir,'),
(324, 0xc39c6d6d6574696d697a696e206c69646572692067656e656c206261c59f6b616ec4b16dc4b17a20736179c4b16e20526563657020546179796970204572646fc49f616e20c4b12073617967c4b12073657667692076652073656c616d6c612079c3a26420656469796f72756d2e204c6f7665204572646fc49f616e20e29da4efb88f2061712073616c61c49fc4b120626179206b656d616c2073616e6120626f7964616e206769726579696d206171, 'NULL', 'muratcgl', '12.03.2021', '16.34', 1, 'ebubekir,'),
(325, 0x486179646920416e61646f6c7520796f6c206b61726465c59f6c696b20796f6c7520686179646920416e61646f6c7520796f6c206b61726465c59f6c696b20796f6c752e20c59e61686c616e73c4b16e206e6520766172736120456469726e652064656e204b617273206120686179646920416e61646f6c75, 'NULL', 'muratcgl', '12.03.2021', '16.36', 2, 'ebubekir,hasanbal,'),
(326, 0x426972206f6c616361c49fc4b17a0d0a44697269206f6c616361c49fc4b17a0d0ac4b07269206f6c616361c49fc4b17a0d0a486570206269726c696b74652042c3bc79c3bc6b2054c3bc726b697965206f6c616361c49fc4b17a, 'NULL', 'muratcgl', '12.03.2021', '16.37', 1, 'ebubekir,'),
(327, 0x4e657265206b616373616d20686570206269207475726b75617a206d656479612068616265726c6572692c2067696e61612067656c6469206b75737563616d2076616c6c61203a7d29290d0a, 'NULL', 'eminç.', '12.03.2021', '16.48', 3, 'ebubekir,admin,muratcgl,'),
(328, 0x626f6c7520726f73766c6f677520646576616d20656469796f72207061727432, 'ebubekir-328.mp4', 'ebubekir', '12.03.2021', '17.02', 1, 'admin,'),
(329, 0x7061727433, 'ebubekir-329.mp4', 'ebubekir', '12.03.2021', '17.10', 3, 'ebubekir,tahakdogan,admin,'),
(330, 0x44757a6365206f746f67617264616e207361, 'ebubekir-330.jpg', 'ebubekir', '12.03.2021', '17.25', 1, 'admin,'),
(331, 0x656d696e206162692079656e676579652073656c616d6c61722c2069737465727365206f6e7520646120616c616cc4b16d2067727562612073617967c4b16c61722e2e, 'NULL', 'admin', '12.03.2021', '18.10', 1, 'ebubekir,'),
(332, 0x41726162616d2076652074617974656d2064696e6c656e6d6520746573697369, 'ebubekir-332.jpg', 'ebubekir', '12.03.2021', '18.23', 1, 'admin,'),
(342, 0x556d72616e697965206369766172c4b1206b616665732064c3b676c3bcc59fc3bc2072616b6970206172616ec4b1722048617374616e65206d61737261666c6172c4b1207461726166c4b16dc4b17a64616e206b617273696c616e6d616d616b74612028352079c4b16c206b617261746520332079c4b16c206d6d6120322e352079c4b16c206669746e65737329, 'NULL', 'ebubekir', '13.03.2021', '13.37', 2, 'admin,ebubekir,'),
(343, 0x526573696d64652067c3b672c3bc6c656e2061726b616461c59f20686173616e2062616c79656469206261c59fc4b16e6120c3b664c3bc6c206b6f6e6d75c59f747572206b656c6c6573696e69203520646f6c617220c3b664656e6563656b7469722067c3b67264c3bcc49fc3bc6ec3bc7a20796572646520746f6b61746c616d616e697a20726963616d64c4b1722e0d0a, 'ebubekir-456.jpg', 'ebubekir', '13.03.2021', '18.49', 3, 'ebubekir,hasanbal,admin,'),
(344, 0x526573696d64652067c3b672c3bc6c656e207a616cc4b16d206b656b6f206b656c6c656d65203520646f6c6172206b6f796d75c59f0d0a42616e61206b656c6c6573696e69206765746972656e6520697374656469c49f69207a616d616e206b6fc59f756c73757a20c59f61727473c4b17a206f6669736520c3a7c4b16b6d612068616b6bc4b12076657269796f72756d202835206b657a206b756c6c616ec4b16c6162696c6972292065c49f657220c3b66c64c3bc726d6564656e20c3b66e636520696b6920746f6b6174206174c4b1702073656c6168617474696e20c3b67a64656d69722069c49f72656ec3a72062697220c59f61726bc4b163c4b12064657273656e697a203130206465666120c3a7c4b16b6d6120, 'hasanbal-478.jpg', 'hasanbal', '13.03.2021', '21.20', 4, 'ebubekir,admin,karaketir,orkuntelli,'),
(345, 0x486173616e2062616c7965646920617961c49fc4b16ec4b12064656e6b20616c2062756e6c61722062616e612069c59f6c656d657a20, 'NULL', 'ebubekir', '13.03.2021', '21.35', 1, 'admin,'),
(346, 0x68747470733a2f2f6d2e796f75747562652e636f6d2f77617463683f763d47754b635364374334456f, 'NULL', 'ebubekir', '13.03.2021', '23.41', 2, 'admin,ozgurucar,'),
(347, 0x417274c4b16b20627572616ec4b16e20656e20616b7469666979696d20, 'NULL', 'karaketir', '14.03.2021', '21.13', 2, 'admin,ebubekir,'),
(348, 0x536f6862657469206d656c696874656e206461686120c3a76f6b20736172c4b1796f7220, 'hasanbal-642.jpg', 'hasanbal', '14.03.2021', '21.54', 4, 'karaketir,ebubekir,admin,muratcgl,'),
(349, 0x61646d696e69c3a765, 'admin-668.jpg', 'admin', '14.03.2021', '23.02', 5, 'hasanbal,frknert,ebubekir,admin,eminç.,'),
(350, 0x68656c616c206c616e206d656c696820, 'NULL', 'frknert', '14.03.2021', '0.36', 4, 'admin,ozgurucar,ebubekir,hasanbal,'),
(351, 0x31312064652069c59f7465206f6c6d616d20676572656b69796f7220657664656e20c3a7c4b16bc4b16c64c4b1207361617420313120646520, 'NULL', 'frknert', '15.03.2021', '10.59', 0, ''),
(353, 0x686179617474616b6920c59f616e73c4b16d20616d6b2079612073616c6c6164c4b16d2064c3bcc59f6dc3bc796f72207069c3a7, 'admin-981.jpg', 'admin', '15.03.2021', '15.53', 2, 'hasanbal,ebubekir,'),
(354, 0x68747470733a2f2f796f7574752e62652f35487070445a4f67647473, 'NULL', 'admin', '15.03.2021', '17.21', 0, NULL),
(355, 0x627567c3bc6e20686173616e6c6120c3a7616cc4b1c59fc4b1796f72757a2062c3b6796c6520646576616d2065646572736520356b696c6f7961206765636963656b2e, 'admin-1041.jpg', 'admin', '15.03.2021', '18.53', 1, 'eminç.,'),
(356, 0x5369706f72, 'hasanbal-1043.jpg', 'hasanbal', '15.03.2021', '19.02', 5, 'admin,muratcgl,eminç.,tahakdogan,frknert,'),
(358, 0x3130206c696b65206120646576616dc4b12067656c6972, 'orkuntelli-1072.jpg', 'orkuntelli', '15.03.2021', '20.19', 5, 'admin,mzekipasli,hasanbal,frknert,eminç.,'),
(359, 0x746f706c616e74c4b1, 'admin-1098.jpg', 'admin', '15.03.2021', '21.20', 5, 'ebubekir,hasanbal,frknert,mzekipasli,eminç.,'),
(360, 0x68747470733a2f2f7777772e796f75747562652e636f6d2f77617463683f763d336636774731794c5a4b49, 'NULL', 'ebubekir', '15.03.2021', '22.36', 0, NULL),
(364, 0x4275206765636520676572c3a7656b6c65c59f656e20736f68626574696d697a64656e20626972206b657369742e2042697a692079616c6ec4b17a2062c4b172616b6d6179616e2074c3bc6d2067c3b66ec3bc6c20646f73746c6172c4b16dc4b17a612067c3b66ec3bc6c64656e207465c59f656b6bc3bc726c6572696d697a692073756e6172c4b17a2e, 'orkuntelli-1152.mp4', 'orkuntelli', '15.03.2021', '22.53', 6, 'admin,hasanbal,frknert,mzekipasli,mpasli,ebubekir,'),
(366, 0x20, 'admin-1191.jpg', 'admin', '15.03.2021', '0.01', 0, NULL),
(367, 0x67c3bc6e617964c4b16e2067656e636f6c6172, 'admin-1206.jpg', 'admin', '16.03.2021', '9.30', 3, 'frknert,orkuntelli,eminç.,'),
(1221, 0x772f206b6172c4b16c6172c4b16d, 'mpasli-1297.jpg', 'mpasli', '16.03.2021', '20.48', 4, 'hasanbal,mpasli,admin,frknert,'),
(1222, 0x48657268616e67692062697220736f7379616c2061c49f64616b6920696c6b2076652074656b20666f746fc49f726166c4b1, 'hasanbal-1301.jpg', 'hasanbal', '16.03.2021', '20.49', 2, 'mpasli,admin,'),
(1223, 0x73656e6920616e6f6e696d, 'admin-1377.mp4', 'admin', '17.03.2021', '12.39', 0, NULL),
(1224, 0x42c3b6796c65206861766179c4b1202e2e2e2e, 'NULL', 'tahakdogan', '17.03.2021', '13.06', 1, 'admin,'),
(1225, 0x40746168616b646f67616e20796f2073c4b163616b, 'admin-1403.jpg', 'admin', '17.03.2021', '13.15', 0, NULL),
(1227, 0x54616bc4b16d6c6172c4b12067697964696b2062656b6c69796f72757a2061646d696e20, 'hasanbal-1423.jpg', 'hasanbal', '17.03.2021', '15.28', 3, 'admin,orkuntelli,frknert,'),
(1229, 0x4d61686d75746275636b732073616b696e2e2e, 'orkuntelli-1481.jpg', 'orkuntelli', '17.03.2021', '18.04', 2, 'admin,mpasli,'),
(1230, 0x6b75737572612062616b6d6120616c6c6168c4b16d, 'admin-1516.jpg', 'admin', '17.03.2021', '23.40', 0, ''),
(1231, 0x4b6f627261206d75726174206b656c6d6973203a280d0a59c4b16bc4b16c64c4b16d2e20, 'NULL', 'ebubekir', '18.03.2021', '7.56', 5, 'orkuntelli,mpasli,frknert,hasanbal,mahmut,'),
(1232, 0x20, 'admin-1566.jpg', 'admin', '18.03.2021', '17.15', 5, 'm.zeynep,orkuntelli,mpasli,ebubekir,hasanbal,'),
(1234, 0x68616c696d656d202d2061646d696e20666561742e2040656275636568696c20, 'admin-1234.mp4', 'admin', '19.03.2021', '10.32', 4, 'ebubekir,mpasli,hasanbal,frknert,'),
(1235, 0x3a28282828, 'NULL', 'ebubekir', '19.03.2021', '12.55', 0, NULL),
(1236, 0x6f746f6d6174696b207669746573206b756c6c616e616e6c617220c3a7c4b16c64c4b172c4b1796f72, 'admin-1236.mp4', 'admin', '19.03.2021', '16.18', 2, 'mpasli,ebubekir,'),
(1239, 0x526f73756d206869c3a7626972206e6564656e2067c3b673746572696c6d6564656e206b616c64c4b172c4b16c64c4b12e2041646d696e20626579652076652079617264616bc3a7c4b173c4b12040686173616e62616c20612062757264616e20696c657469796f72756d206d616e74c4b16b6cc4b1206269722061c3a7c4b16b6c616d612067656c6d657a736520706c6174666f726d61206f6c616e2062c3bc74c3bc6e20796174c4b172c4b16d6c6172c4b16dc4b120c3a7656b697020617972c4b16cc4b1796f72756d2e, 'NULL', 'mpasli', '19.03.2021', '0.26', 2, 'hasanbal,ebubekir,'),
(1240, 0x48656c6cc3b6c3b6c3b6c3b6203f3f3f3f, 'NULL', 'nilda', '20.03.2021', '9.55', 3, 'admin,m.zeynep,frknert,'),
(1241, 0x4065627562656b697273c4b16464c4b16b2d692068617a7265746c65726920, 'hasanbal-1241.jpg', 'hasanbal', '20.03.2021', '13.39', 2, 'ebubekir,admin,'),
(1245, 0x617274c4b16b20656d6f6a692064652061746162696c697273696e697a20f09f989bf09f988d, 'NULL', 'admin', '21.03.2021', '20.32', 1, 'orkuntelli,'),
(1246, 0x796172c4b16e20626972626972696e697a696e2070726f66696c696e692067c3b6726562696c6563656b73696e697a2076652070726f66696c64656b692062696c67696c6572696e697a6920646f6c6475726d616b2069c3a7696e2073697a6520666f726d2061c3a7c4b163616d206f6e7520646f6c756475727563616b73c4b16ec4b17a2062656b6c656d656465206b616cc4b16e2e, 'NULL', 'admin', '21.03.2021', '0.43', 1, 'ebubekir,'),
(1252, 0x4861766179612062616b206d6b, 'NULL', 'ahmetsglm', '24.03.2021', '14.00', 1, 'ebubekir,'),
(1253, 0x40656275636568696c2020696c652068616c696d656d206b6f6e7365726920796572203a20697379657269202f2f20736161743a32302e3030206369766172c4b1, 'NULL', 'admin', '24.03.2021', '15.42', 4, 'mpasli,hasanbal,karaketir,ebubekir,'),
(1254, 0x6275206bc4b1c59f2061c49f7573746f7361206b616461722073c3bc726563656b2068657268616c64652061712020236d696b61696c697374696661, 'NULL', 'frknert', '24.03.2021', '21.33', 3, 'ebubekir,admin,orkuntelli,'),
(1255, 0x427520616bc59f616d6b69206b6f6e736572696d696e20697074616c6920736562656269207361c49f6cc4b16b20736f72756e6c6172c4b17964c4b1206765636d6973206f6c73756e2064696c656b6c6572696e697a2069c3a7696e207465c59f656b6bc3bc722065646572696d20656e2079616bc4b16e207a616d616e6461206b6f6e73657220796170616361c49fc4b17a20686179c4b1726cc4b120676563656c6572206566656e696d200d0a2d456275636568696c204dc3bc72656e20, 'NULL', 'ebubekir', '24.03.2021', '22.14', 4, 'admin,frknert,ahmetsglm,hasanbal,'),
(1257, 0x5069796173612064c3bcc59f6dc3bcc59f206162616ec4b16e206265796c6572206574632079652e, 'NULL', 'ahmetsglm', '25.03.2021', '10.17', 1, 'ebubekir,'),
(1262, 0x4066726b6e6572742073656e696e2073746f72796c6572696e6920697a6c656d6579692073657669796f72756d20c3a7c3bc6e6bc3bc206b6166616d692073696b696e63652073656e692062c3b6796c65207375737475726162696c69796f72756d, 'admin-1258.mp4', 'admin', '25.03.2021', '11.03', 1, 'ebubekir,'),
(1263, 0x64c3bc6e6b6920616b7020746f706c616e74c4b173c4b16e64616e20736f6e72612064657a656e66656b7465206f6c6d6179612067656c6d69736c6572, 'admin-1263.jpg', 'admin', '25.03.2021', '11.12', 1, 'karaketir,'),
(1264, 0x67c3bc7a656c20666f746f20627572617961206461206174616d20, 'frknert-1264.jpeg', 'frknert', '25.03.2021', '20.01', 5, 'admin,hasanbal,karaketir,mpasli,ebubekir,'),
(1266, 0x70726f66696c2062696c67696c6572696e697a6920646f6c647572756e2067656ec3a76c6572, 'NULL', 'admin', '26.03.2021', '15.29', 1, 'ebubekir,'),
(1267, 0x4b616c6bc4b16e206c616e6e6e6e, 'karaketir-1267.jpeg', 'karaketir', '27.03.2021', '8.43', 4, 'admin,mpasli,ebubekir,frknert,'),
(1268, 0x53656e692079656e6963657a20c4b07374616e62756c, 'mpasli-1268.jpg', 'mpasli', '27.03.2021', '20.03', 4, 'admin,karaketir,ebubekir,frknert,'),
(1269, 0x69c59f696e20736f6e2067c3bc6ec3bc2066657269626f74206b6579666920f09f989b, 'admin-1269.jpg', 'admin', '31.03.2021', '9.29', 2, 'mpasli,karaketir,'),
(1277, 0x2d63616c2068747470733a2f2f7777772e796f75747562652e636f6d2f77617463683f763d382d45397a7a6b745f4641, 'NULL', 'admin', '01.04.2021', '23.18', 0, NULL),
(1278, 0x2671756f743b2020202d63616c2020202671756f743b2079617ac4b1702079616ec4b16e6120646120796f7574756265206c696e6b6920796170c4b1c59f74c4b172c4b17273616ec4b17a20617474c4b1c49fc4b16ec4b17a20c59f61726bc4b12062656e696d20657664656b69207365732073697374656d696e646520c3a7616c6d617961206261c59f6cc4b1796f72203a4420, 'NULL', 'admin', '01.04.2021', '23.20', 2, 'karaketir,ebubekir,'),
(1279, 0x2d63616c202068747470733a2f2f796f7574752e62652f764c6762546a34536a6849, 'NULL', 'karaketir', '01.04.2021', '23.23', 1, 'ebubekir,'),
(1281, 0x2d63616c2068747470733a2f2f7777772e796f75747562652e636f6d2f77617463683f763d45544e4372575962337045, 'NULL', 'admin', '01.04.2021', '2.23', 0, ''),
(1283, 0x697a6c6579696e20646f73746c61722066696c6d20746164c4b16e64612068747470733a2f2f7777772e796f75747562652e636f6d2f77617463683f763d447a396f436a2d5133456b20, 'NULL', 'admin', '02.04.2021', '3.49', 0, NULL),
(1284, 0x2d63616c2068747470733a2f2f7777772e796f75747562652e636f6d2f77617463683f763d6b4b37756c6a6e416d5149, 'NULL', 'ozgurucar', '04.04.2021', '19.17', 0, NULL),
(1285, 0x2d63616c202068747470733a2f2f796f7574752e62652f5251763143307152675045, 'NULL', 'frknert', '05.04.2021', '18.32', 0, NULL),
(1286, 0x2d63616c2068747470733a2f2f796f7574752e62652f316d4548714a4f68752d59, 'NULL', 'orkuntelli', '07.04.2021', '21.35', 0, NULL),
(1288, 0x486179c4b1726cc4b12072616d617a616e6c6172c4b16ec4b17a206f6c6120, 'NULL', 'ahmetsglm', '13.04.2021', '9.00', 0, ''),
(1294, 0x6d656c6968206b61726465c59f696d20686179c4b1726cc4b1206f6c73756e73737373730d0a, 'NULL', 'kadir', '23.05.2021', '4.35', 1, 'admin,'),
(1306, 0x486179c4b1726cc4b120676563656c657220646577616d6b65, 'mahmut-1296.jpg', 'mahmut', '26.07.2021', '0.45', 2, 'ebubekir,admin,'),
(1307, 0x4e656c6572206f6c75796f7220627572616461, 'engin-1307.jpg', 'engin', '26.07.2021', '1.11', 3, 'ebubekir,engin,admin,'),
(1308, 0x59656e6964656e20616b7469666c657369796f72757a, 'NULL', 'ebubekir', '26.07.2021', '1.14', 1, 'furkankara,'),
(1310, 0x536974656e696e2069c59f6c657673656c6c69c49f692061c3a7c4b173c4b16e64616e2079616e69, 'NULL', 'ebubekir', '26.07.2021', '1.15', 2, 'ebubekir,furkankara,'),
(1311, 0x79656e692067656c656e2061726b616461c59f6c617220686f7367656c64696e697a2c20736974652079616bc4b16e64612067c3bc6e63656c6c656d656c657220616c6d617961206261736c6963616b2074656b72617264616e20f09fa5b3f09fa5b3, 'NULL', 'admin', '27.07.2021', '20.28', 2, 'ebubekir,furkankara,'),
(1312, 0x6865206269646520c59f696672656c6572696e697a69206465c49f69c59f746972696e2068657073696e692065627520796170746967692069c3a7696e2062696c69796f72203a2929, 'NULL', 'admin', '27.07.2021', '20.32', 2, 'ebubekir,furkankara,'),
(1316, 0x54656b6e6f6665737420322e6c69c49f69206b75746c75206f6c73756e2061726b616461c59f6c61722e, 'admin-1316.jpg', 'admin', '20.09.2021', '6.17', 1, 'arda,'),
(1317, 0xc3b66e63656c696b6c65206269736d696c6c616869727261686d616e6972726168696d20736974657965207361c49f20617961c49fc4b16d6c612067697264696d, 'NULL', 'aysthemal', '24.09.2021', '4.21', 2, 'admin,aysthemal,'),
(1318, 0x6c617073656b696c692061646d696e2079696e6520646572746c6920627567c3bc6ec3bc6e2064657274206bc3b6c59f6573696e65207573756c63612062697220706172c3a7612062c4b172616bc4b1796f72756d2e206979692064696e6c656d656c65722e2e2e0d0a0d0a68747470733a2f2f796f7574752e62652f5a48326c645359744e4c6b, 'NULL', 'admin', '24.09.2021', '1.11', 0, NULL),
(1319, 0x79756e7573, 'admin-1319.jpg', 'admin', '26.09.2021', '22.15', 1, 'admin,'),
(1321, 0x61676c616d616cc4b1207ac4b1726c616d616cc4b1206b656e64696e692079657264656e2079657265207675726d616cc4b120646570726573796f6e612067697264696d20616b6cc4b1206f6c616e2062616e612062756c61736d617a206861646920657976, 'NULL', 'aysthemal', '01.10.2021', '4.12', 1, 'admin,'),
(1322, 0x6e6520796173616e69796f206275726461207961, 'NULL', 'aysthemal', '01.10.2021', '4.14', 1, 'admin,'),
(1323, 0x6973766963726563616b6973692e636f6d, 'NULL', 'aysthemal', '01.10.2021', '4.17', 1, 'admin,'),
(1325, 0x2b686179c4b172206bc4b17ac4b16d206465746f6e65206b656c696d652067657263656b20646567696c206b6f726b6d616e6120676572656b20796f6b20202020202020202020202020202020202020202020202020202020202020202020202020202020202020202020202020202020202020200d0a6465746f6e65206b656c696d653a2073757261746c6141616141616172, 'NULL', 'admin', '01.10.2021', '4.37', 1, 'aysthemal,'),
(1326, 0x73656e20776861747361707020696e7374616772616d206b756c6c616ec4b17273c4b16e20616d61206f6e6c617220c3a7c3b66bc3bc6e636520726f736e6574206179616b7461206b616cc4b17220686164692062616b696d2e2e2e, 'NULL', 'admin', '04.10.2021', '22.23', 0, NULL),
(1327, 0x7566207961, 'NULL', 'aysthemal', '05.10.2021', '4.29', 0, NULL),
(1329, 0x726f7320676962697964696e2e2e207477697474657220c3a7c3b66b74c3bcc49fc3bc2069c3a7696e206765c3a765726b656e2075c49f726164c4b16d2073656e696e2069c3a7696e2067656c64696d2073616e64c4b16e2e2e, 'NULL', 'aysthemal', '05.10.2021', '4.31', 0, NULL),
(1351, 0x343220416e612065c49f6974696d64656e20696c6b206b617265202367c3bc6cc3bc6d73657461726968656765c3a7, 'admin-1330.jpg', 'admin', '03.10.2022', '19.36', 1, 'admin,'),
(1358, 0x79656e692067656c656e2061726b616461736c6172206d726220686f7367656c64696e697a2c206275726173692062697a696d20636f706c7567756d757a2c20627572616461206b697369746c616d61206f6c6d616b73697a696e206e6520697374657273656e697a207061796c61736162696c697273696e697a20286c69746572616c6c7920616e797468696e6729206b696d73652073697a692079617267696c6179616d617a2073616e73757220796f6b7475722c20626173696e697a2062656c617961206769726d657a2121212e20736979617365742c2064696e2c2064696c2c2069726b2c206e656672657420736f796c656d692c207369646465742068657273657920736572626573747469722e2062757261646120796173616b20796f6b202832206b65726520746179796970206c6568696e6520706f7374206174696c69727361206865736162696e697a206b616c6963692073696c696e697229206179726963612062757261796120757965206f6c616e206865726b65732061796e69206b756c6c616e6963692061646920736966726520696c652072676574206920756372657473697a206b756c6c616e6162696c69722c20686570696e697a696e2073696e697273697a206465706f6c616d6120616c616e69207661722c2079616b696e6461206e6173696c206b756c6c616e696c61636167696e61206461697220766964656f2061746172696d206275726179612e20706364656e20676972656e6c6572206963696e20736f6c64616b69206861736874616720626f6c756d756e652074616b696c6d6179696e206f7261736920796172696d206b616c6469207a616d616e696e6461207477697474657264616e20616e6c696b20686173687461676c61726920616c697020676f72756e7475206f6c73756e2064697965206b6f796d757374756d206b616c6469206f796c652e20686570696e697a652068617969726c69206f6c73756e2e2ec2a02020c2a0f09fa5b3, 'NULL', 'admin', '07.11.2022', '7.39', 2, 'berre,arda,'),
(1359, 0x2353616261686c6172206f6c6d6173c4b16e, 'arda-1359.jpg', 'arda', '08.11.2022', '6.00', 0, NULL),
(1362, 0x426972206164616d207661726dc4b1c59f20c3a76f6b2066656e6120626173c3bc72206f6c6d75c59f206769746d69c59f20646f6b746f72612064656d69c59f20646f6b746f72206265792073c4b1c3a7616dc4b1796f72756d20646f6b746f722064612064656d69c59f206b69206769742062616e61206269722070c4b1726173612067657469722062656e20627520736f72756e756e7520c3a7c3b67a656365c49f696d2067657469726d69c59f206164616d2070c4b17261736179c4b12064c3b66e2064656d69c59f2061726b616ec4b12067c3b674c3bc6e6520736f6b6163616d2064c3bc7a656c6563656b2064c3b66e6dc3bcc59f206164616d20686172626964656e20646f6b746f7220646120736f6b6d75c59f2070c4b17261736179c4b12064c3bc7a656c6d69c59f20312061792066616c616e206765c3a76d69c59f206164616d2079696e652068617374616c616e6dc4b1c59f206b6172c4b173c4b16e612064656d69c59f206b692068616ec4b16d20627520646f6b746f722062656e692070c4b172617361796c6120746564617669206574746920c59f696d6469206269722064616861206769646970206d6168c3a77570206f6c6d61796179c4b16d2073656e2068616c6c656469766572206b6164c4b16e2064612064656d69c59f206b692074616d616d20736f6e726120616c6dc4b1c59f2070c4b17261736179c4b120736f726d75c59f206164616d61206e6173c4b16c20796170c4b163616d20626579206164616d2064652064656d69c59f206b6920c59f696d646920616c2070c4b17261736179c4b1207475742062656c696d64656e20736f6b2067c3b674c3bc6d652062697220696b692064656661207961702064c3bc7a656c6963656b206b6164c4b16e2074656b20656c69796c65206164616dc4b16e2062656c696e69207475746d75c59f206469c49f657220656c69796c652070c4b17261736179c4b120736f6b6d75c59f206164616d2064612064656d69c59f206b6920686179c4b1722068616ec4b16d20696b6920656c696e6c652062697264656e2062656c696d69207475746d616e206c617ac4b16d20646f6b746f7220c3b6796c65207961706dc4b1c59f74c4b12e2e2e, 'NULL', 'AAAAA', '11.11.2022', '6.00', 2, 'admin,AAAAA,'),
(1363, 0x626972206164616d207661726dc4b1c59f206261626173c4b12062697220c3a76f6b2066656e6120626972207465636176c3bc7a63c3bc796dc3bcc59f206865722065c49f696c656e692073696b69796f726d75c59f206164616dc4b16e206261626173c4b120c3b66c6dc3bcc59f206164616d2064612073696b206769626920626972206861796174207961c59f6179c4b17020696e7469686172202065746d69c59f206164616d20636568656e6e656d65206769746d69c59f206269722062616b6dc4b1c59f206b69206861766120736fc49f756b20416c6c616820416c6c61682064656d69c59f206e6564656e20636568656e6e656d20736fc49f756b20676964697020c59f757264616b69207a6562616e69796520736f726179c4b16d206769746d69c59f20736f726d75c59f207a6562616e692064652064656d69c59f206b69204f524f53505520c3874f4355c49e5520424142414e20c4b05ac4b04e205645524dc4b0594f52204bc4b02045c49ec4b04cc4b05020c4b04bc4b0204f44554e2059414b414c494d, 'NULL', 'AAAAA', '11.11.2022', '6.02', 2, 'AAAAA,admin,'),
(1364, 0x42c4b0522047c39c4e2042c4b052205041594c41c3874f205641524d49c59e2042c39c54c39c4e2041c49e4c4159414e4c4152492047c39c4c44c39c52c39c524dc39cc59e2042c4b0522047c39c4e2042c4b052204144414d20594fc49e554e2041c49e4c414d412054455354c4b0594c454e20444f4b544f5241204241c59e5655524d55c59e20444f4b544f52412044454dc4b0c59e4bc4b020444f4b544f522042455920444f4b544f52204245592044454dc4b0c59e2042454ec4b04d20594fc49e554e2041c49e4c414d412048415354414c49c49e494d205641522044454dc4b0c59e20444f4b544f5244412044454dc4b0c59e4bc4b02047c4b054204f205041594c41c3874f59552042554c204f2053454ec4b02047c39c4c44c39c52c39c52204f2044412044454dc4b0c59e4bc4b0204f205041594c41c3874f2042454ec4b04d, 'NULL', 'AAAAA', '11.11.2022', '6.21', 1, 'AAAAA,'),
(1365, 0x414141414141414141414141414141414141414141414141414141414141414141414141414141414141414141414141414141414141414141414141414141414141414141414141414141414141414141414141414141414141414141414141414141414141414141414141414141414141414141414141414141414141414141414141414141414141414141414141414141414141414141414141414141414141414141414141414141414141414141414141414141414141414141414141414141414141414141414141414141414141414141414141414141414141414141414141414141414141414141414141414141414141414141414141414141414141414141414141414141414141414141414141414141414141414141414141414141414141414141414141414141414141414141414141414141414141414141414141414141414141414141414141414141414141414141414141414141414141414141414141414141414141414141414141414141414141414141414141414141414141414141414141414141414141414141414141414141414141414141414141414141414141414141414141414141414141414141414141414141414141414141414141414141414141414141414141414141414141414141414141414141414141414141414141414141414141414141414141414141414141414141414141414141414141414141414141414141414141414141414141414141414141414141414141414141414141414141414141414141414141414141414141414141414141414141414141414141414141414141414141414141414141414141414141414141414141414141414141414141414141414141414141414141414141414141414141414141414141414141414141414141414141414141414141414141414141414141414141414141414141414141414141414141414141414141414141414141414141414141414141414141414141414141414141414141414141414141414141414141414141414141414141, 'NULL', 'AAAAA', '11.11.2022', '6.22', 0, NULL);

-- --------------------------------------------------------

--
-- Table structure for table `users`
--

CREATE TABLE `users` (
  `id` int(10) NOT NULL,
  `profile_pic` tinytext DEFAULT NULL,
  `name` text NOT NULL,
  `username` varchar(30) NOT NULL,
  `password` varchar(30) NOT NULL,
  `phone_number` tinytext DEFAULT NULL,
  `mail` tinytext DEFAULT NULL,
  `register_date` tinytext DEFAULT NULL,
  `ros_count` tinytext DEFAULT NULL,
  `bio` text DEFAULT NULL,
  `data_update` int(1) DEFAULT 0
) ENGINE=InnoDB DEFAULT CHARSET=utf8mb4;

--
-- Dumping data for table `users`
--

INSERT INTO `users` (`id`, `profile_pic`, `name`, `username`, `password`, `phone_number`, `mail`, `register_date`, `ros_count`, `bio`, `data_update`) VALUES
(1, 'ozgur.jpg', 'özgür', 'ozgurucar', 'ucar', '5057281653', 'ozgurrr', '26/02/2020', '3', 'ozgur', 1),
(2, 'admin.jpg', 'admin', 'admin', 'karagoz0009', '05454143429', 'melihkkaragoz@hotmail.com', '00/00/0000', '58', 'Programmer & Founder of RosNet ', 1),
(9, 'hasanbalyedi.jpg', 'hasan', 'hasanbal', 'nebakıyonlanşifreme', '5383640665', 'hasanbbalyedi@gmail.com ', '26/02/2020', '16', 'Rosbloger', 1),
(10, 'orkuntelli.jpg', 'orkun', 'orkuntelli', 'solingen', '05079351449', 'orkunc.com@gmail.com', '26/02/2020', '8', '', 1),
(12, '-', 'furkan', 'furkankara', 'kara', '543', 'fnodn@gmail.com', '26/02/2020', '2', 'tencere imalatcisi', 1),
(13, 'ebubekir.jpg', 'ebubekir', 'ebubekir', 'gulen14', '05533165314', 'ebubekirglen@gmail.com ', '09/03/2021', '36', '', 1),
(14, 'furkanertural.jpeg', 'frknert', 'frknert', 'ertural00', '5541498937', 'furkanerturalll@gmail.com', NULL, '6', '', 1),
(15, 'karaketir.jpeg', 'abdullah', 'karaketir', 'karaketir50', '5012731839', 'abdullahkaraketir@icloud.com', NULL, '3', '', 1),
(16, '-', 'm.zeki', 'mpasli', 'pasli029', ' ', ' ', NULL, '3', ' ', 1),
(17, '-', 'burakcinar', 'burakcnr', 'cinarburak', '05347492930', NULL, '09/03/2021', '0', NULL, NULL),
(23, '-', 'tahakdogan', 'tahakdogan', 'akdogan0002', NULL, NULL, '11/03/2021', '6', NULL, NULL),
(24, 'bahasvnc.jpeg', 'bahasvnc', 'bahasvnc', 'sevinc0006', NULL, NULL, '11/03/2021', '3', NULL, NULL),
(25, '-', 'macikgoz', 'macikgoz', 'acikgoz0033', NULL, NULL, '11/03/2021', '0', NULL, NULL),
(26, 'muratcgl.jpg', 'muratcgl', 'muratcgl', 'cagilmurat002', NULL, NULL, '11/03/2021', '5', NULL, NULL),
(27, 'eminç..jpg', 'eminç.', 'eminç.', 'ec122905', NULL, NULL, '11/03/2021', '5', NULL, NULL),
(28, 'sabitlendi.—Pngtree—vector', 'sabitlendi', 'sabitlendi', 'pinned0099', NULL, NULL, '12/03/2021', '1', NULL, NULL),
(29, '-', 'ahmetsglm', 'ahmetsglm', 'ahmedov123', '05532558489', 'ahmetsaglam.034@gmail.com', '15/03/2021', '3', 'DEU', 1),
(31, '-', 'ridvan', 'ridvan', 'pythonridvan', NULL, NULL, '17/03/2021', '0', NULL, NULL),
(32, 'm.zeynep.jpeg', 'm.zeynep', 'm.zeynep', 'melike2934', NULL, NULL, '18/03/2021', '0', NULL, NULL),
(33, 'nilda.jpeg', 'nilda', 'nilda', 'ucan001', NULL, NULL, '20/03/2021', '1', NULL, NULL),
(34, '-', 'kadir', 'kadir', 'topcam', '5425710078', 'raggae78t@gmail.com', '23/05/2021', '2', 'RaggaE', 1),
(35, '-', 'test', 'test', 'test001', NULL, NULL, '28/05/2021', '0', NULL, 0),
(36, '-', 'onur', 'onur', 'apaydin0099', '05424629900', 'Onurpydn16@gmail.com', '21/06/2021', '0', 'Boş adam', 1),
(37, '-', 'mahmut', 'mahmut', 'baydar69', '5369366769', 'baydaroglumahmut@gmail.com', '26/07/2021', '1', '', 1),
(38, '-', 'adem', 'adem', 'baris12', NULL, NULL, '26/07/2021', NULL, NULL, 0),
(39, '-', 'engin', 'engin', 'sengonul34', '5512075995', 'oyunengin34@gmail.com ', '26/07/2021', '1', 'Yooğ', 1),
(40, '-', 'mert', 'mert', 'musa37', NULL, NULL, '26/07/2021', NULL, NULL, 0),
(41, '-', 'burak', 'burak', 'mavera54', NULL, NULL, '26/07/2021', NULL, NULL, 0),
(42, '-', 'taha', 'taha', 'ozmen31', NULL, NULL, '26/07/2021', NULL, NULL, 0),
(43, '-', 'aysthemal', 'aysthemal', 'maliso123', '5306283899', 'konusayse@gmail.com', '24/09/2021', '6', '.', 1),
(44, '-', 'yunus', 'yunus', 'yek29', NULL, NULL, '26/09/2021', NULL, NULL, 0),
(45, '-', 'utku', 'utku', 'ucylmz', NULL, NULL, '07/11/2022', '0', NULL, 0),
(46, '-', 'ufuk', 'ufuk', 'ufukascii', '05536846681', 'ascufuk@gmail.com', '07/11/2022', '0', 'none', 1),
(47, '-', 'merve', 'merve', 'yapraksarmasi', NULL, NULL, '07/11/2022', NULL, NULL, 0),
(48, '-', 'baran', 'baran', 'guzelbaran', NULL, NULL, '07/11/2022', NULL, NULL, 0),
(49, '-', 'bkarlidag', 'bkarlidag', 'karlidagburak', NULL, NULL, '07/11/2022', NULL, NULL, 0),
(50, '-', 'berre', 'berre', 'havyilma', NULL, NULL, '07/11/2022', '0', NULL, 0),
(51, '-', 'arda', 'arda', 'kosemenarda', '5116992444', 'ardakosemen1905@gmail.com', '07/11/2022', '1', 'Ecole42', 1),
(52, 'AAAAA.jpg', 'AAAAA', 'AAAAA', 'mathcat1404!?', '5511737366', 'cerrahalierdem@gmail.com', '11/11/2022', '4', 'AAAAAAAAAAAAAAAAAAAAAAAAAAAAAAAAAAAAAAAAAAAAAAAAAAAAAAAAAAAAAAAAAA', 1),
(53, '-', 'equinox', 'equinox', 'jtcb155', NULL, NULL, '11/11/2022', NULL, NULL, 0);

--
-- Indexes for dumped tables
--

--
-- Indexes for table `comments`
--
ALTER TABLE `comments`
  ADD PRIMARY KEY (`cmt_id`);

--
-- Indexes for table `hashtags`
--
ALTER TABLE `hashtags`
  ADD PRIMARY KEY (`hashtag_id`);

--
-- Indexes for table `ros`
--
ALTER TABLE `ros`
  ADD PRIMARY KEY (`ros_id`);

--
-- Indexes for table `users`
--
ALTER TABLE `users`
  ADD PRIMARY KEY (`id`);

--
-- AUTO_INCREMENT for dumped tables
--

--
-- AUTO_INCREMENT for table `comments`
--
ALTER TABLE `comments`
  MODIFY `cmt_id` int(5) NOT NULL AUTO_INCREMENT, AUTO_INCREMENT=151;

--
-- AUTO_INCREMENT for table `hashtags`
--
ALTER TABLE `hashtags`
  MODIFY `hashtag_id` int(3) NOT NULL AUTO_INCREMENT;

--
-- AUTO_INCREMENT for table `ros`
--
ALTER TABLE `ros`
  MODIFY `ros_id` int(15) NOT NULL AUTO_INCREMENT, AUTO_INCREMENT=1366;

--
-- AUTO_INCREMENT for table `users`
--
ALTER TABLE `users`
  MODIFY `id` int(10) NOT NULL AUTO_INCREMENT, AUTO_INCREMENT=54;
COMMIT;

/*!40101 SET CHARACTER_SET_CLIENT=@OLD_CHARACTER_SET_CLIENT */;
/*!40101 SET CHARACTER_SET_RESULTS=@OLD_CHARACTER_SET_RESULTS */;
/*!40101 SET COLLATION_CONNECTION=@OLD_COLLATION_CONNECTION */;
